Hotel Name,Location,Room Types,Prices
Fairfield Inn & Suites by Marriott Orlando Lake Buena Vista in The Marriott Village,Near Orlando Vineland Premium Outlets,Two Double Room,$84
DoubleTree by Hilton Hotel Orlando at SeaWorld,Near SeaWorld Orlando,Deluxe Two Queen Room,$154
"Holiday Inn Resort Orlando - Lake Buena Vista, an IHG Hotel",Near Orlando Vineland Premium Outlets,Standard Room,$75
Grand Hotel Orlando at Universal Blvd,Near Olando Eye,Queen Room With Two Queen Beds,$52
Courtyard Orlando Lake Buena Vista at Vista Centre,Near Orlando Vineland Premium Outlets,King Room,$76
Four Points by Sheraton Orlando International Drive,Near Universal Orlando Resort,King Room,$89
Marriott's Grande Vista,Near SeaWorld Orlando,King Room Non smoking,$143
Tru by Hilton Orlando Convention Center Area,Near SeaWorld Orlando,King Room-Hearing Accessible,$99
Aloft Orlando International Drive,Near SeaWorld Orlando,Aloft King Room,$82
"Sheraton Vistana Resort Villas, Lake Buena Vista/Orlando",Near Orlando Vineland Premium Outlets,One Bedroom Smaller Villa,$139
Pestana Orlando Suites - Lake Buena Vista,Near Orlando Vineland Premium Outlets,Double Queen Suite,$87
"Holiday Inn Express & Suites - Orlando at Seaworld, an IHG Hotel",Near SeaWorld Orlando,Standard Room,$85
Spark by Hilton Orlando near SeaWorld,Near SeaWorld Orlando,Two Double Room,$84
Days Inn by Wyndham Orlando Downtown,Near Amtrak Railway Station- Orl,"2 Double Beds, Second Floor, Non-Smoking",$59
Days Inn by Wyndham Orlando Conv. Center/International Dr,Near SeaWorld Orlando,Two Double Room,$66
Universal’s Endless Summer Resort – Dockside Inn and Suites,Near Universal Orlando Resort,Standard Two Queen Room,$127
La Quinta Inn & Suites by Wyndham Orlando IDrive Theme Parks,Near SeaWorld Orlando,King Room-Non-Smoking,$82
Hilton Grand Vacations Club SeaWorld Orlando,Near SeaWorld Orlando,King Studio with kitchenette,$109
Homewood Suites by Hilton Orlando-Intl Drive/Convention Ctr,International Drive,Hearing Accessible King Suite,$116
Spark by Hilton Orlando Universal Blvd,Near Olando Eye,2 Queen Beds Room,$80
OYO Hotel Orlando Airport,Florida Mall,Room With Two Double Beds-Non-Smoking,$40
DoubleTree by Hilton at The Entrance to Universal Orlando,Near Universal Orlando Resort,Two Queen Beds Room,$120
Hilton Garden Inn Orlando at Seaworld,Near SeaWorld Orlando,Hearing Accessible Two Queen Room,$89
"Sheraton Vistana Villages Resort Villas, I-Drive Orlando",Near Orlando Vineland Premium Outlets,"1 Bedroom Smaller Villa,1 King,Sofa Bed",$139
Baymont by Wyndham Orlando/International Dr/Universal Blvd,Near Olando Eye,"2 Queen Beds, Mobility/Hearing Accessible Room, Roll-in Shower, Non-Smoking",$55
"Hotel Landy Orlando Universal Blvd., a Tribute Portfolio™ Hotel",Near Olando Eye,King Room,$127
SpringHill Suites by Marriott Orlando Theme Parks/Lake Buena Vista,Near Orlando Vineland Premium Outlets,"Studio Suite, 2 Queen Beds, Non Smoking",$83
Disney's Animal Kingdom Lodge,Disneyland Resort,Resort View.Hearing Accessible-Visual Alarms and Notifications.2 Queen Beds.,$305
Floridian Express International Drive,Near Universal Orlando Resort,"Standard Room, 1 King Bed (Standard King)",$44
Sheraton Orlando Lake Buena Vista Resort,Near Orlando Vineland Premium Outlets,"Guest Room,2 Queen",$89
La Quinta Inn & Suites by Wyndham Orlando I Drive/Conv Ctr,Near Olando Eye,Two Double Room,$75
SpringHill Suites Orlando at SeaWorld®,Near SeaWorld Orlando,Two Queen Studio,$99
Hampton Inn & Suites Orlando-International Dr. North,Near Olando Eye,Queen Room With Mobility Accessible Roll-in Shower-Non-Smoking,$107
Quality Inn at International Drive,Near Olando Eye,"Double 2 Double Beds, Nonsmoking",$61
SpringHill Suites by Marriott Orlando Lake Buena Vista in Marriott Village,Near Orlando Vineland Premium Outlets,Two Double Studio with Sofabed,$89
Fairfield Inn & Suites Orlando Near Universal Orlando Resort,Near Universal Orlando Resort,Two Queen Room,$88
Renaissance Orlando at SeaWorld®,Near SeaWorld Orlando,King Room with Sofabed,$149
"Holiday Inn Express & Suites - Nearest Universal Orlando, an IHG Hotel",Near Universal Orlando Resort,Standard Two Double Room,$101
"Crowne Plaza Orlando - Lake Buena Vista, an IHG Hotel",Near Orlando Vineland Premium Outlets,Mobility Accessible Two Queen Room Roll In Shower,$87
Hampton Inn Orlando Near Universal Blv/International Dr,Near Universal Orlando Resort,Queen Room,$95
TownePlace Suites by Marriott Orlando Southwest Near Universal,Near Orlando International Premium Outlets,"Suite, 1 Bedroom, Non Smoking",$98
JW Marriott Orlando Bonnet Creek Resort & Spa,Disneyland Resort,"Guest room, 2 Queen Non smoking",$239
Fairfield Inn Orlando Airport,Orlando International Airport Area,Two Queen Room,$109
Homewood Suites by Hilton Orlando - Nearest to Universal Studios,Near Universal Orlando Resort,One Bedroom King Suite - Non-Smoking,$139
SpringHill Suites Orlando at Millenia,Near Orlando International Premium Outlets,Two Queen Suite,$169
Clarion Inn Orlando International Drive - Icon Park,Near Olando Eye,Accessible Two Queen Room,$57
Hilton Grand Vacations Club Tuscany Village Orlando,Near Orlando Vineland Premium Outlets,King Studio with Screened Balcony,$129
Fairfield Inn Suites by Marriott Orlando at SeaWorld,Near SeaWorld Orlando,Queen Room with Two Queen Beds,$89
"Castle Hotel, Autograph Collection by Marriott",Near Universal Orlando Resort,Two Queen Room,$149
TownePlace Suites by Marriott Orlando Theme Parks/Lake Buena Vista,Near Orlando Vineland Premium Outlets,"Studio, 1 King Bed, Non Smoking",$85
Hyatt Place Orlando Lake Buena Vista,Near Orlando Vineland Premium Outlets,Two Queen Room with Sofa Bed,$119
Home2 Suites by Hilton Orlando Near Universal,Near Universal Orlando Resort,Two Queen Studio,$148
Courtyard by Marriott Orlando Lake Buena Vista in The Marriott Village,Near Orlando Vineland Premium Outlets,Two Queen Room,$89
Fairfield Inn & Suites Orlando International Drive/Convention Center,Near Olando Eye,Two Queen Room,$92
Best Western Orlando Gateway Hotel,Near Universal Orlando Resort,Two Double Room,$65
Super 8 by Wyndham Orlando Near Florida Mall,Near Olando Eye,King Room-Non-Smoking,$53
"Lake Buena Vista Resort Village and Spa, a StaySky Hotel & Resort Near Disney",Lake Bryan,Two-Bedroom Suite with Balcony,$162
Hilton Orlando,Near SeaWorld Orlando,Hearing Accessible King Room,$252
Holiday Inn Express & Suites Orlando - International Drive,Near Universal Orlando Resort,Two Queen Room,$94
Hampton Inn Closest to Universal Orlando,Near Universal Orlando Resort,Two Queen Beds with Refrigerator,$98
Suburban Studios International Drive,Near Universal Orlando Resort,Standard Double Room with Two Double Beds-Non-Smoking,$50
"Holiday Inn Orlando International Drive - Convention Center, an IHG Hotel",International Drive,"Room, 2 Queen Beds, Non Smoking",$84
Hampton Inn Orlando-Convention Center International Drive Area,Near SeaWorld Orlando,King Room - Mobility/Hearing Accessible with Tub - Non-Smoking,$99
Avanti Palms Resort and Conference Center,Near Universal Orlando Resort,Deluxe Double Queen Room,$75
Mi Casa Hotel,Near Olando Eye,Studio Suite 2 Queen Beds,$72
La Quinta Inn & Suites by Wyndham Orlando UCF,University of Central Florida Area,King Room-Non-Smoking,$87
Hilton Vacation Club Grand Beach Orlando,Near Orlando Vineland Premium Outlets,One-Bedroom King Suite,$99
"Holiday Inn & Suites Across From Universal Orlando, an IHG Hotel",Near Universal Orlando Resort,2 Double Beds Standard,$74
Fairfield Inn & Suites Orlando Kissimmee/Celebration,16.7 miles from center,Two Queen Room,$104
Element Orlando International Drive,Near SeaWorld Orlando,Standard King Room,$87
Element Orlando Universal Blvd.,Near Universal Orlando Resort,"Deluxe Room, 2 Queen Beds, Non Smoking",$129
TownePlace Suites by Marriott Orlando at SeaWorld,Near SeaWorld Orlando,Two Queen Studio,$99
Fairfield Inn & Suites by Marriott Orlando Lake Buena Vista,Near Orlando Vineland Premium Outlets,Two Queen Room,$89
Residence Inn by Marriott Orlando at SeaWorld,Near SeaWorld Orlando,Two Queen Studio with Sofabed,$99
Holiday Inn Express & Suites Orlando - Lake Buena Vista,Near Orlando Vineland Premium Outlets,Standard Room,$83
Homewood Suites by Hilton Orlando Theme Parks,Near SeaWorld Orlando,King Studio Suite with Sofa Bed,$119
Hyatt House Orlando Airport,Orlando International Airport Area,Accessible Room With 2 Queen Beds With Roll-in Shower,$139
Fairfield Inn & Suites Orlando at Millenia,Universal Studios Area,Standard Room with Two Queen Beds,$124
Cambria Hotel Orlando Universal Blvd,Near Universal Orlando Resort,Standard King Room-Non-Smoking,$99
"Garnet Inn & Suites, Orlando",Florida Mall,Standard Double Room with Two Double Beds,$46
La Quinta Inn by Wyndham Orlando Airport West,Orlando International Airport Area,Deluxe Two Double Room,$65
SureStay Plus by Best Western Orlando Lake Buena Vista,Near Orlando Vineland Premium Outlets,"1 Bedroom Suite-1 King Bed, Non-Smoking, One Bedroom, Sofabed, Separate Living Room, Kitchen",$70
Aloft Orlando Lake Buena Vista,Near Orlando Vineland Premium Outlets,Aloft King Room,$83
Hyatt Regency Grand Cypress Resort,Near Orlando Vineland Premium Outlets,King Room,$159
Holiday Inn Express Orlando - South Park,Florida Mall,Standard King Room,$139
DoubleTree by Hilton Orlando Downtown,Near Church Street Station,Mobility Accessible Two Queen Room with Bathtub,$184
Four Points by Sheraton Orlando Convention Center,Near SeaWorld Orlando,Traditional Room with Two Double Beds,$119
Embassy Suites by Hilton Orlando International Drive ICON Park,Near Universal Orlando Resort,Two Room Two Double Suite,$154
Super 8 by Wyndham Orlando International Drive,Near Universal Orlando Resort,Queen Room - Non-Smoking,$55
Residence Inn by Marriott Orlando at Millenia,Near Orlando International Premium Outlets,Two Queen Suite,$149
Wyndham Grand Orlando Resort Bonnet Creek,Near Orlando Vineland Premium Outlets,Deluxe King Room with Balcony,$173
Wingate by Wyndham - Orlando International Airport,Orlando International Airport Area,King Studio Suite,$92
SPOT X Hotel Orlando/Intl Dr by The Red Collection,Near Orlando Vineland Premium Outlets,Business Accessible King Bed Room,$66
Hilton Garden Inn Lake Buena Vista/Orlando,Near Orlando Vineland Premium Outlets,Hearing Accessible King Room,$89
Floridays Orlando Two & Three Bed Rooms Condo Resort,Near Orlando Vineland Premium Outlets,Two Bedrooms Suite,$148
Hampton Inn Orlando/Lake Buena Vista,Near Orlando Vineland Premium Outlets,Mobility Accessible Two Queen Room with Roll in  Shower,$106
Legacy Vacation Resorts - Lake Buena Vista,Near Orlando Vineland Premium Outlets,Mini Suite,$92
Hyatt Place Orlanda/ I Drive / Convention Center,Near Olando Eye,King Room,$109
Courtyard Orlando International Drive/Convention Center,Near Olando Eye,Room With Two Queen Beds,$139
Hotel Monreale Express International Drive Orlando,Near Universal Orlando Resort,King Room-Accessible,$77
Walt Disney World Swan,Disneyland Resort,Traditional Two Queen Room,$255
"Holiday Inn & Suites Orlando - International Drive South, an IHG Hotel",Near Orlando Vineland Premium Outlets,"Standard Room, 1 King Bed",$89
Embassy Suites by Hilton Orlando Lake Buena Vista Resort,Near Orlando Vineland Premium Outlets,King Suite,$109
StaySky Suites I-Drive Orlando Near Universal,Near Olando Eye,One Bedroom  King Suite,$93
Holiday Inn Express & Suites Orlando-Ocoee East,6.4 miles from center,Comm Mobil Access Standard Two Queen Room with Tub,$119
Buena Vista Suites Orlando,Lake Bryan,"Suite, Multiple Beds (Queen Suite)",$129
Hilton Grand Vacations Club Parc Soleil Orlando,Near Orlando Vineland Premium Outlets,King Studio,$139
Red Roof Inn Orlando South - Florida Mall,Florida Mall,Deluxe Two Double Room Non smoking,$60
Best Western Plus Orlando East- UCF Area,University of Central Florida Area,"1 King Bed, Non-Smoking, Sofabed, Microwave and Mini-Refrigerator",$88
SpringHill Suites Orlando Convention Center/International Drive Area,Near Olando Eye,Two Queen Suite,$94
Hyatt Regency Orlando,Near SeaWorld Orlando,Accessible King Room with Shower,$229
Monumental Movieland Hotel,Near Universal Orlando Resort,Standard Room,$44
Home2 Suites by Hilton Orlando/International Drive South,Near Orlando Vineland Premium Outlets,Studio King Suite,$109
Universal’s Cabana Bay Beach Resort,Near Universal Orlando Resort,Standard Room,$186
Travelodge by Wyndham Orlando / Heart of International Drive,Near Universal Orlando Resort,Mobility Accessible Two Double Room,$54
Clarion Inn & Suites Across from Universal Orlando Resort,Near Universal Orlando Resort,"2 Queen Beds, Pet-Friendly Room, Non-Smoking",$89
Sheraton Suites Orlando Airport,Orlando International Airport Area,"Separate Living area, 1 Bedroom 2 room Suite",$114
TownePlace Suites Orlando Airport,Orlando International Airport Area,"2 Queen Beds Studio Suite, Studio, 2 Queen",$119
Holiday Inn Express & Suites Orlando Southeast,13.2 miles from center,Standard King,$129
Drury Inn & Suites Orlando Near Universal Orlando Resort,Near Universal Orlando Resort,"Deluxe Room, 1 King Bed, Accessible, Refrigerator&Microwave (Tub)",$115
Hampton Inn & Suites Orlando-John Young Pkwy/S Park,Florida Mall,"2 Queen Beds Room, Non-Smoking",$108
Universal's Loews Royal Pacific Resort,Near Universal Orlando Resort,Hearing Accessible Standard 2 Queen Room,$433
Meliá Orlando Celebration,"Disneyland Resort, Celebration",Two Bedroom Family Suite,$156
Comfort Inn International Drive,Near Olando Eye,Standard Room With Two Double Beds,$71
The Florida Hotel & Conference Center in the Florida Mall,Florida Mall,"Standard Room, 2 Queen Beds, Non Smoking, Refrigerator & Microwave",$165
Hyatt Place Across from Universal Orlando Resort,Near Universal Orlando Resort,Two Double Room with Sofa Bed,$129
Universal's Hard Rock Hotel®,Near Universal Orlando Resort,Standard Two Queen Room,$483
Monumental Hotel Orlando,Near Orlando Vineland Premium Outlets,King Room,$67
Residence Inn Orlando Convention Center,Near Olando Eye,King Studio with Sofa Bed,$100
Red Roof Plus+ Orlando-Convention Center/ Int'l Dr,International Drive,Business King Room Non smoking,$57
